sep=,
id,string,url,search_page,resultstats,snippet,date,date_x,href_color,found_text
"0","Buy Bitcoin","http://bitcoinpr.com.au/austrac-introduces-new-crypto-regulations-in-australia","0","188","Cryptocurrency regulations are expanding all over the world. No matter where you live, virtual currencies and blockchain technologies are being regulated. The Australian Transaction Reports and Analysis Centre (AUSTRAC) introduced new guidelines for virtual currencies and the crypto market. AUSTRAC Crypto&nbsp;...","Apr 11, 2018","1523368800","AUSTRAC Introduces New Crypto Regulations in Australia | Bitcoin ...",""
"1","Buy Bitcoin","http://bobkats.info/kgiauw/eobpeis.php?wbf=paysera-usa","100","169","I guess those services don't work in Europe only as I've seen some people from my country (Algeria) using Paysera and Payoneer before , so It would be nice If you could manage to provide a list for supported <em>Buy bitcoin</em> with Paysera Money Transfer safely, easily and instantly at Paxful. I've used XE's service However, they&nbsp;...","Apr 11, 2018","1523368800","Paysera usa - BobKats",""
"2","Buy Bitcoin","http://bensorensen.com/kgiauw/eobpeis.php?wbf=reddit-btc","100","169","Recommended <em>Buy Bitcoin</em> online using Paypal, Payoneer, Credit Card &amp; more! Learn More Share on Reddit ChipMixer Bitcoin mixer bitcoin tumbler. Merchants and users are empowered with low fees and reliable confirmations. A distributed, worldwide, decentralized Bitcoin is the currency of the Internet: a distributed,&nbsp;...","Apr 11, 2018","1523368800","Reddit btc - Ben Sorensen",""
"3","Buy Bitcoin","http://cdmcc.com.au/license/kgiauw/eobpeis.php?wbf=free-bitcoin-doubler-script","100","169","Loading Free bitcoin script with start and Bitcoin to Dollars 1,711 views. io, Indacoin, BTCChina, FREE BITCOIN DOUBLER SCRIPT Bitcoin Forum Honestly there is no doubler for bitcoin those script are the same as investment site where you can experience of <em>Buy bitcoin</em> doubler script to establish a double your bitcoin&nbsp;...","Apr 11, 2018","1523368800","Free bitcoin doubler script",""
"4","Buy Bitcoin","http://gsforklifts.com.au/kgiauw/eobpeis.php?wbf=bitstamp-customer-support","100","169","Joined August 2011 bitcoin plus support, bitcoin~com support, bitcoin technical support phone number, bitcoin phone support, bitcoin~com phone number for bitcoin support, call bitcoin support, bitcoin support Number support, bitcoin support line, bitcoin technical support number, bitcoin live support <em>Buy bitcoin</em> where to&nbsp;...","Apr 11, 2018","1523368800","Bitstamp customer support",""
"5","Buy Bitcoin","http://gsforklifts.com.au/kgiauw/eobpeis.php?wbf=bitcoin-etn","100","169","Investors can buy into exchange Sep 27, 2017 When you see such big price movements, it's tempting to get involved, but you don't have to <em>buy bitcoin</em> if you don't want to. XBT Provider is the same bitcoin ETN Bitcoin XBTE, Bitcoin Tracker EUR XBT Provider, (SE0007525332) ETN Info; ETN Historical BITCOIN XBT, Bitcoin&nbsp;...","Apr 11, 2018","1523368800","Bitcoin etn",""
"6","Buy Bitcoin","http://zorankonjarski.com.au/kgiauw/eobpeis.php?wbf=adex-reddit","100","169","Discover how to buy AdEx with this Simple Step-by-Step Guide ✅ Step 1 - <em>Buy Bitcoin</em> ✅ Step 2 - Open exchange account ✅ Step 3 - Get Bitcoin address ✅ Step 4 - Send Bitcoin ✅ Step 5 - Trade BTC for ADX. It is designed to disrupt and replace traditional digital advertising models by providing a fully transparent, focused&nbsp;...","Apr 11, 2018","1523368800","Adex reddit - Zoran Konjarski",""
"7","Buy Bitcoin","http://victoriassecrets.com.au/kgiauw/eobpeis.php?wbf=btcx-review","100","169","Read moreJan 5, 2017 Looking to <em>buy bitcoin</em> in India? Read my review of Zebpay, Unocoin &amp; Coinsecure and learn how best to trade in bitcoins. com/<wbr>whitepaper/whitepaper. reddit. An Interview: Hacks Are Good For the Crypto Industry 101. You agree that it is your sole responsibility to review the current terms. Today we&nbsp;...","Apr 11, 2018","1523368800","Btcx review",""
"8","Buy Bitcoin","http://ordorica.com/kgiauw/eobpeis.php?wbf=digital-ira","100","169","S. The ability to <em>buy Bitcoin</em> in an IRA is supported, but not plainly endorsed, through a 2014 IRS ruling CryptoWallet IRA is your IRS-Compliant full service solution for Bitcoin, Ethereum , Ripple, Litecoin, and other cryptocurrencies for your IRA and 401k. Getting Crypocurrency to Status of Global Currency: · BAnk of Russia:&nbsp;...","Apr 11, 2018","1523368800","Digital ira - ordorica.com",""
"9","Buy Bitcoin","http://quillstudios.com.au/kgiauw/eobpeis.php?wbf=miner-hash","100","169","We are a reliable platform where customers can <em>buy bitcoin</em> products and accessories without. Register here, or login if you already have account; Create a worker that will be used by the miner to login; In the workers settings choose a coin to mine or enable autoswitching. 6-RC1. Create account. HashFlare. The resulting&nbsp;...","Apr 11, 2018","1523368800","Miner hash - Quill Studios",""
"10","Buy Bitcoin","http://quillstudios.com.au/kgiauw/eobpeis.php?wbf=bts-chatbots","100","169","Wed, 21 Mar 20; ▷ How to report bitcoin income on your taxes Thu, 22 Mar 20; ▷ Ben is a chatbot that lets you learn about and <em>buy Bitcoin</em> Thu, 22 Mar 20 10 hours ago Vodafone has published the results of an international survey revealing the extent to which young adults aged 18-24 believe they are&nbsp;...","Apr 11, 2018","1523368800","Bts chatbots - Quill Studios",""
"11","Buy Bitcoin","http://ordorica.com/kgiauw/eobpeis.php?wbf=luno-arbitrage","100","169","Sent from my not going to buy via Luno any time . a great exchange to use is the luno. deposit, and then <em>buy bitcoin</em> on the exchange in South Africa. reddit: the front page of the internet Looks like the better option with less hassle would be to try arbitrage but between Luno and ice3x. 80 vs you can easily gain thousands a<wbr>&nbsp;...","Apr 11, 2018","1523368800","Luno arbitrage - ordorica.com",""
"12","Buy Bitcoin","http://scottware.com.au/kgiauw/eobpeis.php?wbf=adx-coin-news","100","169","During the roadshow, ADX accompanied by a number of its listed companies hosted meetings with around 50 institutional investors from various asset <em>Buy Bitcoin</em>, Ethereum and more with Instant Delivery and easy verification on our trusted Australian Platform. 04 MM. Sharing is Caring. A. Artikel Nächster Artikel. 31 Jan&nbsp;...","Apr 11, 2018","1523368800","Adx coin news - Scottware",""
"13","Buy Bitcoin","http://wrjamieson.com/kgiauw/eobpeis.php?wbf=red-pulse-coin","100","169","TOP GUIDE ON HOW TO <em>BUY BITCOIN</em> TODAY. 81%, touching $0. Algorithm N/<wbr>A Proof type N/A Supply 1358371250. #. com. In this text i'm thoroughly going to tell you about what is Red Pulse and why i think it has a… 22 Feb 2018 The RPX coin can be traded on a number of exchange platforms like Kucoin, binance and<wbr>&nbsp;...","Apr 11, 2018","1523368800","Red pulse coin",""
"14","Buy Bitcoin","http://provex.net.au/kgiauw/eobpeis.php?wbf=btm-coin-news","100","169","Get price, volume, value, charts, and other detailed information for Bytom Get price, charts, news, exchanges and detailed analysis for Bytom (BTM). Bytom's Similar Coins. 1 SImply <em>buy Bitcoin</em> and Ethereum from a BCB ATM. Maximum Order Price: 0. cc: Digital Cryptocurrency Software Database and News Portal Are the&nbsp;...","Apr 11, 2018","1523368800","Btm coin news - provex",""
"15","Buy Bitcoin","http://atmremote.com/license/kgiauw/eobpeis.php?wbf=coinbase-sepa","100","169","Customers can <em>buy bitcoin</em> with a connected bank account, SEPA transfer, Interac Online, and many more payment methods. Dec 13, 2017 PaulUK 2017-12-15 18:<wbr>55:36 UTC #30. com/youtube?q=coinbase+sepa&amp;v=XVQ9wUtp1Nw Dec 5, 2017 How to do a SEPA transfer to coinbase from your online banking. Mar 13&nbsp;...","Apr 11, 2018","1523368800","Coinbase sepa",""
"16","Buy Bitcoin","http://colourshield.com/kgiauw/eobpeis.php?wbf=buy-nexus-coin","100","169","83, $45. Buying cryptos doesn't have to be complicated! Discover how to buy Nexus with this Simple Step-by-Step Guide ✅ Step 1 - <em>Buy Bitcoin</em> ✅ Step 2 - Open exchange account ✅ Step 3 - Get Bitcoin address ✅ Step 4 - Send Bitcoin ✅ Step 5 - Trade BTC for NXS. 244, 0. Exchange, Exchange Rate, 24h Volume. 00411 %.","Apr 11, 2018","1523368800","Buy nexus coin - Colour Shield",""
"17","Buy Bitcoin","http://bensorensen.com/kgiauw/eobpeis.php?wbf=how-to-buy-xem","100","169","List Of Cryptocurrencies in India Best To Invest In Now if you want to <em>Buy Bitcoin</em> in India you might be thinking how to <em>buy Bitcoin</em> in India . However, it is still hard to buy the NEM (XEM) token especially since it is not available in any popular fiat<wbr>-enabled 21 Nov 2017 SpectroCoin, the cryptocurrency wallet, exchange, debit&nbsp;...","Apr 11, 2018","1523368800","How to buy xem - Ben Sorensen",""
"18","Buy Bitcoin","http://zorankonjarski.com.au/kgiauw/eobpeis.php?wbf=gbyte-byteball","100","169","$333,760M. Date, Buy/Sell, Bid/Ask, Total Units (GBYTE), Total Cost (BTC) Market capitalization of Byteball Bytes in US Dollars is calculated by multiplying price of single Byteball Bytes with available supply of GBYTE. Free distribution to BTC and Byte holders. To buy Byteball Bytes or GBYTE, first, you have to <em>buy Bitcoin</em> or&nbsp;...","Apr 11, 2018","1523368800","Gbyte byteball - Zoran Konjarski",""
"19","Buy Bitcoin","http://ordorica.com/kgiauw/eobpeis.php?wbf=lisk-vs-ethereum","100","169","I wanted to discuss the differences between Lisk and 19 Oct 2017 - 8 min - Uploaded by Crypto LoveHow to <em>Buy Bitcoin</em>: https://youtu. Lets get into more details about this topic! Etherem project currently has much bigger value than Lisk which is logical because it was developed before Lisk. Though their platform employs&nbsp;...","Apr 11, 2018","1523368800","Lisk vs ethereum - ordorica.com",""
"20","Buy Bitcoin","http://atmremote.com/license/kgiauw/eobpeis.php?wbf=golem-coinbase","100","169","Here, we will be depositing local currency to <em>buy Bitcoin</em> or Ethereum. Indeed, one of the more popular ones was the Golem/Augur rumors over the summer, in which internet sleuths allegedly found references to Golem (GNT) and Finding your wallet address. Top News All NewsNews SitesFollowing. Sign up and purchase&nbsp;...","Apr 11, 2018","1523368800","Golem coinbase",""
"21","Buy Bitcoin","http://dandg.com.au/kgiauw/eobpeis.php?wbf=clam-coin-news","100","169","21%). ##Pseudonymous. 0006 Download; Windows 32bit · Windows 64bit · Linux 32bit · Linux 64bit · OSX · Source. February 22, 2018. Investors seeking to acquire Clams must first <em>buy Bitcoin</em> or Ethereum using an CBN News (993427). S. 87 or 0. dollar during the 24 hour period ending at 20:00 PM ET on February 9th.","Apr 11, 2018","1523368800","Clam coin news",""
"22","Buy Bitcoin","http://dandg.com.au/kgiauw/eobpeis.php?wbf=changelly-fees","100","169","com, a new and exciting Bitcoin Exchange website At this time and age, it is really easy to <em>buy Bitcoin</em> or any crypto currency you fancy due to the number of exchange websites out there today. 5% so opposite to diferent other exchages which charge very high fees . But. SIMPLEX. 49% for standard buys/sells from a bank&nbsp;...","Apr 11, 2018","1523368800","Changelly fees",""
"23","Buy Bitcoin","http://zorankonjarski.com.au/kgiauw/eobpeis.php?wbf=neutron-currency","100","169","TOP GUIDE ON HOW TO <em>BUY BITCOIN</em> TODAY. USD, 0. It is sometimes called scarab. one month ago What is my currency worth? Find out with our Quick Reference Guide to Paper Currency at Heritage Auctions. The only Mar 05, 2018 · Neutron (CURRENCY:NTRN) traded 4% lower against the US dollar during the 24&nbsp;...","Apr 11, 2018","1523368800","Neutron currency - Zoran Konjarski",""
"24","Buy Bitcoin","http://spra.com.au/kgiauw/eobpeis.php?wbf=what-is-neo-coin","100","169","Blockgeeks. MAR 08 29 Jan 2018 Try smaller cryptocurrencies like stellar and neo, says strategist Tom Lee. India's best NEO and multi cryptocurrency Exchange and Wallet. How / Where can I buy NEO? First you must <em>buy Bitcoin</em> on Coinbase for example. Company is so strong that even during last week's price crash,&nbsp;...","Apr 11, 2018","1523368800","What is neo coin",""
"25","Buy Bitcoin","http://zorankonjarski.com.au/kgiauw/eobpeis.php?wbf=neo-crypto-microsoft","100","169","Another <em>Buy Bitcoin</em> sign appears in DOTA international Tournament. NEO's partners include crowdfunding platform WINGS and multinational technology corporation Microsoft. De acuerdo con la información 14 Aug 2017 - 10 minNEO Antshares Cryptocurrency: August 20th NEO Working W/ Microsoft - Ledger Support 15&nbsp;...","Apr 11, 2018","1523368800","Neo crypto microsoft - Zoran Konjarski",""
"26","Buy Bitcoin","http://provex.net.au/kgiauw/eobpeis.php?wbf=rialto-xrl-reddit","100","169","Discover how to buy Rialto with this Simple Step-by-Step Guide ✅ Step 1 - <em>Buy Bitcoin</em> ✅ Step 2 - Open exchange account ✅ Step 3 - Get Bitcoin address ✅ Step 4 - Send Bitcoin ✅ Step 5 - Trade BTC for XRL. 6 May 2017 Social and development stats on Rialto. The Reddit community for Rialto is /r/RialtoAI. 96 XRL 1 ETH&nbsp;...","Apr 11, 2018","1523368800","Rialto xrl reddit - provex",""
"27","Buy Bitcoin","http://wrjamieson.com/kgiauw/eobpeis.php?wbf=hawaii-bitcoin-law","100","169","You can try however Localbitcoins, a peer to peer marketplace to <em>buy Bitcoin</em>. The legislature finds that Initially built as the underlying structure for a digital cash system known as bitcoin, blockchain can be used in many other areas, including cybersecurity, From mathematical wonder, revolutionizing breakthrough, next-<wbr>gen&nbsp;...","Apr 11, 2018","1523368800","Hawaii bitcoin law",""
"28","Buy Bitcoin","http://bobkats.info/kgiauw/eobpeis.php?wbf=quadrigacx-reddit","100","169","How to <em>buy Bitcoin</em> anywhere. Market Cap. like whether it has a video or not, whether it is active on bitcointalk or reddit or medium and so on. China, coinegg, CoinEgg, *, API. 3 Μαρ. My withdraw request is now at 24 hours and only one response from support asking 'is this an eth withdraw?' i immediately&nbsp;...","Apr 11, 2018","1523368800","Quadrigacx reddit - BobKats",""
"29","Buy Bitcoin","http://dowdyswellbeing.com.au/kgiauw/eobpeis.php?wbf=google-wallet-balance","100","169","Sell bitcoin. Enter amount. Paxful is the best place to <em>buy bitcoin</em> instantly with Google Wallet Got a Google Wallet balance, need bitcoin? You can easily <em>buy bitcoin</em> with your Google Wallet balance. But it says not eligible. The new iOS app will now support peer-to-peer payments, making it "easy to send money to anyone in&nbsp;...","Apr 11, 2018","1523368800","Google wallet balance",""
"30","Buy Bitcoin","http://atmremote.com/license/kgiauw/eobpeis.php?wbf=coinbase-exchange","100","169","Next Up 20+ best ways to <em>buy bitcoin</em> in France. There are two main types of exchanges that we will discuss in this guide. 67%, Recently. Safe Haskell, None. 2. 21 Feb 2018 Two cryptocurrency exchanges are looking to make bitcoin transactions faster and cheaper with a new software update called SegWit. Receive btc.","Apr 11, 2018","1523368800","Coinbase exchange",""
"31","Buy Bitcoin","http://colourshield.com/kgiauw/eobpeis.php?wbf=coin-wallet-login","100","169","Blockchain wallet for Bitcoin, DASH, Ethereum, Litecoin, Monero, and other blockchain based cryptocurrencies. Magic Wallets with coin pocket in different sizes, finishes and colors. E-coin Wirex Blog Coins. Log In. <em>Buy Bitcoin</em>, Create Bitcoin Wallets, Read Bitcoin News, and more, at Bitcoin. Log In / Sign Up Log In; Sign Up;&nbsp;...","Apr 11, 2018","1523368800","Coin wallet login - Colour Shield",""
"32","Buy Bitcoin","http://pavlou.com.au/kgiauw/eobpeis.php?wbf=bitcoin-stock-chart","100","169","<em>Buy Bitcoin</em>. It was the first payment network that had no central authority and is powered by it's users. Cypriots learnt this the hard way when their savings were confiscated in early 2013. We'll bring you the latest Bitcoin price, charts and news here. Bitcoin (BTC): Live Price update, <em>Buy Bitcoin</em>, Chart, Market Cap, Markets&nbsp;...","Apr 11, 2018","1523368800","Bitcoin stock chart",""
"33","Buy Bitcoin","http://dowdyswellbeing.com.au/kgiauw/eobpeis.php?wbf=My-logic-on-Bittrex","100","169","The ticker code is now: COINBASE:BTCUSD*16692550*0,5+BITFINEX:ETHUSD<wbr>*92862174+BITTREX: XRPUSD*38622892459+BITFINEX:LTCUSD*53927233+<wbr>BITTREX:DASHUSD* 7701656+BITTREX: Become part of my private crypto community. 0. And that cash investment was just to see if I could <em>buy BitCoin</em> using&nbsp;...","Apr 11, 2018","1523368800","My logic on Bittrex",""
"34","Buy Bitcoin","http://gsforklifts.com.au/kgiauw/eobpeis.php?wbf=hitbtc-vs-coinbase","100","169","Here is their recent one: Eugene Mou Eugene Moura (HitBTC) Apr 2 Feb 18, 2018 In order to <em>buy bitcoin</em> with fiat currency (USD or EUR) through HitBTC, you will need to verify your account. We also offer a daily cryptocurrency newsletter, cryptocurrency price charts, comparisons and alerts! Scrypt Cryptocurrency Coins<wbr>.","Apr 11, 2018","1523368800","Hitbtc vs coinbase",""
"35","Buy Bitcoin","http://gohomeloan.com.au/vltkxuey/owiruvdr.php?bjh=bts-bitcoin","100","169","239197. . Dec 11, 2017 Part 2 discussed how to enter the world of crypto for the first time, with a step by step guide of how to <em>buy bitcoin</em> from Coinbase. 9% irreversibility certainty. » cryptofresh. The first target for wave c is the 0. 03. Free online platform for market analysis. It is a brand of open-source software based on the&nbsp;...","Apr 11, 2018","1523368800","Bts bitcoin - GoHomeLoan.com.au",""
"36","Buy Bitcoin","http://cdmcc.com.au/license/kgiauw/eobpeis.php?wbf=genesis-bitcoin-atm","100","169","The Satoshi1 only supports “<em>buy bitcoin</em>” transactions. 27 Mar 2015 Buying bitcoin has become increasingly easy, and one of the fastest ways to currently obtain it is through a Bitcoin ATM. This space is for everything crypto! there are loads of crypto ATMs, trading posts (they are loading up different exchanges there on the&nbsp;...","Apr 11, 2018","1523368800","Genesis bitcoin atm",""
"37","Buy Bitcoin","http://dmkpgh.com/kgiauw/eobpeis.php?wbf=electroneum-buy","100","169","Shop now That sets it apart from any other cryptocurrencies that are near-<wbr>impossible to spend or buy. <em>Buy bitcoin</em> with Electroneum ETN safely, easily and instantly at Paxful. 1CoinSwitch is world's first crypto. 15 Dec 2017Please watch: "<wbr>Don't get hacked! Keep your cryptos safe with this. Electroneum.","Apr 11, 2018","1523368800","Electroneum buy",""
"38","Buy Bitcoin","http://bitcoinpr.com.au/the-winklevoss-twins-just-won-a-crypto-related-patent","0","188","While TD Bank has revised its policies and stopped allowing customers to purchase cryptocurrencies using its credit cards, some major banks in Canada still allow crypto credit card transactions, the banks reportedly confirmed on Friday. Also read: Indians Look to <em>Buy Bitcoin</em> Overseas as Regulations Tighten TD Bank Halts&nbsp;...","Apr 11, 2018","1523368800","The Winklevoss Twins Just Won a Crypto-Related Patent | Bitcoin ...",""
"39","Buy Bitcoin","http://bitcoinpr.com.au/texas-state-securities-board-highlights-investigations-into-offerings-tied-to-virtual-currencies","0","188","New information released by the TSSB outlines data points collected from Enforcement Division investigations into promoters of cryptocurrency investments<wbr>. The Lone Star State is demonstrating its proactive approach to protecting Texan investors. Spread the love. Tagged ETC, Ether, Ethereum&nbsp;...","Apr 11, 2018","1523368800","Texas State Securities Board Highlights Investigations Into Offerings ...",""
"40","Buy Bitcoin","http://bitcoinpr.com.au/alibabas-taobao-expands-crypto-regulations-by-banning-icos-and-associated-services","0","188","Alibaba subsidiary Taobao bans stores on the platform from providing ICO-<wbr>related services after a previous ban of cryptocurrencies like Bitcoin. Chinese online shopping website Taobao, a subsidiary of retail giant Alibaba, will be banning stores on the platform from providing services related to Initial Coin Offering (ICOs),&nbsp;...","Apr 11, 2018","1523368800","Alibaba's Taobao Expands Crypto Regulations By Banning ICOs And ...",""
"41","Buy Bitcoin","http://bitcoinpr.com.au/philippine-sec-defines-cloud-mining-contracts-as-securities","0","188","6,756.34. BTC. AUD 8,735.16. -5.80 %. BTC. $ 6,756.34. -5.23 %. AUD 516.47. $ 397.64. ETH. AUD 516.47. -2.93 %. ETH. $ 397.64. -2.72 %. AUD 149.00. $ 114.52. LTC. AUD 149.00. -5.22 %. LTC. $ 114.52. -5.28 %. About Us · What is Bitcoin · How To Trade Bitcoin · <em>Buy Bitcoin</em>. Search for: cryptocurrency Ethereum<wbr>&nbsp;...","Apr 11, 2018","1523368800","Philippine SEC Defines Cloud Mining Contracts As Securities | Bitcoin ...",""
"42","Buy Bitcoin","http://bitcoinpr.com.au/22-european-nations-come-together-with-blockchain-partnership","0","188","On April 10, 2018, 22 European countries joined forces to cooperate on blockchain regulation and education. The European Blockchain Partnership “will be a vehicle for cooperation amongst Member States to exchange experience and expertise in technical and regulatory fields and prepare for the launch of EU-<wbr>wide&nbsp;...","Apr 11, 2018","1523368800","22 European Nations Come Together with Blockchain Partnership ...",""
"43","Buy Bitcoin","http://bitcoinpr.com.au/how-an-otc-bitcoin-scammer-almost-stole-600-million","0","188","OCT trading involves high value deals that can run into the hundreds of millions of dollars. Whales want privacy and zero slippage, which isn't possible on a cryptocurrency exchange, while buyers want large quantities of bitcoins at below market rates. It's an arrangement that suits both parties, but for it to work, trust is&nbsp;...","Apr 11, 2018","1523368800","How an OTC Bitcoin Scammer Almost Stole $600 Million | Bitcoin ...",""
"44","Buy Bitcoin","http://cookability.com.au/vltkxuey/owiruvdr.php?bjh=bitx","0","188","The easiest way to <em>buy Bitcoin</em> and Ethereum. He is the designer of the BitX, a simple single-sideband transceiver that could be built for a very small outlay taking many of its components from a well-stocked junk box. com/get/Multimedia/<wbr>Video/Video-Players/BitX. Apple App Store Logo Google Play Store Logo. The main&nbsp;...","Apr 11, 2018","1523368800","Bitx",""
"45","Buy Bitcoin","http://cookability.com.au/vltkxuey/owiruvdr.php?bjh=c-cex-review","0","188","To <em>buy Bitcoin</em> or other Currency, Pair, Volume (24h), Price, Volume (%), Updated<wbr>. 81, 4. E. The credit card withrowal arrive after just 1 5 Feb 2014 Description of the exchange website: C-Cex(c-cex. Select a row below to filter reviews. 4, Litecoin · LTC/BTC, $22676, $162. C-CEX is very popular cryptocurrency exchange to&nbsp;...","Apr 11, 2018","1523368800","C cex review",""
"46","Buy Bitcoin","http://tintplus.com.au/kgiauw/eobpeis.php?wbf=binance-vs-bitfinex","0","188","... Where &amp; How To <em>Buy Bitcoin</em> &amp; Altcoins. ly/2krss1M -Fast, No ID required, Easy to withdraw funds -Based in China Coinbase http://bit. Unfortunately with hashrate maxing at just about 1 MHS at that time it was not very up to date for practical use with mining profitability in mind. 0 for Better X11-Gost Hashrate 16 Feb 2017 .","Apr 11, 2018","1523368800","Binance vs bitfinex - Tintplus",""
"47","Buy Bitcoin","http://bitcoinpr.com.au/brazilian-university-launches-cryptocurrency-masters-programme","0","188","A major Sao Paulo institution is launching what has been reported as Brazil's first Master's degree in cryptofinance. The course comes amid an increasing embracement of virtual currencies on the part of the Brazilian universities, with themes pertinent to cryptocurrency increasingly being incorporated into mainstream&nbsp;...","Apr 11, 2018","1523368800","Brazilian University Launches Cryptocurrency Masters Programme ...",""
"48","Buy Bitcoin","http://bitcoinpr.com.au/ripple-invests-25-million-of-xrp-in-blockchain-capital-fund","0","188","6,756.18. BTC. AUD 8,836.88. -3.70 %. BTC. $ 6,756.18. -4.50 %. AUD 515.14. $ 394.15. ETH. AUD 515.14. -1.02 %. ETH. $ 394.15. -1.74 %. AUD 150.00. $ 114.84. LTC. AUD 150.00. -2.81 %. LTC. $ 114.84. -2.69 %. About Us · What is Bitcoin · How To Trade Bitcoin · <em>Buy Bitcoin</em>. Search for: Bitcoin cryptocurrency&nbsp;...","Apr 11, 2018","1523368800","Ripple Invests $25 Million of XRP in Blockchain Capital Fund | Bitcoin ...",""
"49","Buy Bitcoin","http://bitcoinpr.com.au/nasdaq-to-delist-long-blockchain-after-appeal-fails","0","188","6,756.34. BTC. AUD 8,735.16. -5.80 %. BTC. $ 6,756.34. -5.23 %. AUD 516.47. $ 397.64. ETH. AUD 516.47. -2.93 %. ETH. $ 397.64. -2.72 %. AUD 149.00. $ 114.52. LTC. AUD 149.00. -5.22 %. LTC. $ 114.52. -5.28 %. About Us · What is Bitcoin · How To Trade Bitcoin · <em>Buy Bitcoin</em>. Search for: Bitcoin cryptocurrency&nbsp;...","Apr 11, 2018","1523368800","Nasdaq to Delist Long Blockchain After Appeal Fails | Bitcoin News ...",""
"50","Buy Bitcoin","https://pinterest.com.au/pin/462533824224923999","0","188","7 GPU Ethereum high-end cryptocoin mining rig Altcoin miner. Crypto Currency Mining Equipment Bitcoin S. Bitmain Antminer New Bitcoin Miner with PSU - Ready to ship from NYC. How to <em>buy Bitcoin</em>, a step by step guide - Modern Investor. 150-170MH/s 7 GPU Ethereum high-end cryptocoin mining rig Altcoin miner.","Apr 11, 2018","1523368800","Cryptocurrency Mining Post-Bitcoin | Hackaday #What ... - Pinterest",""
"51","Buy Bitcoin","http://bodyharmony.com.au/vltkxuey/owiruvdr.php?bjh=btcx","0","188","Goobit was founded in autumn 2011 by Christian Ander and started operations with the brand BTCX in January <em>Buy bitcoin</em> with Swish. Copyrights   2017 - S Capital Solutions Pvt. Top Mentioned. Jump to: navigation, search. BTCX : BRICS<wbr>, 540 BRICS, $0. BTCX är en av världens första - och Sveriges största - Blockchain&nbsp;...","Apr 11, 2018","1523368800","Btcx - Body Harmony",""
"52","Buy Bitcoin","https://pinterest.com.au/pin/322922235776640512","0","188","Words aren't necessary when you approach a loved one with a beautiful bouquet in your hands. Flowers say it all.","Apr 11, 2018","1523368800","Mom. Mom. MOM! Mommy! HEY MOM... Here's A Flower, I Love You ...",""
"53","Buy Bitcoin","http://bitcoinpr.com.au/bitcoin-ethereum-bitcoin-cash-ripple-stellar-litecoin-cardano-neo-eos-price-analysis-april-11","0","188","Bitcoin has had rallies in the second quarters of both 2016 and 2017. Are we in for another one? The views and opinions expressed here are solely those of the author and do not necessarily reflect the views of Cointelegraph.com. Every investment and trading move involves risk, you should conduct your own research&nbsp;...","Apr 11, 2018","1523368800","Bitcoin, Ethereum, Bitcoin Cash, Ripple, Stellar, Litecoin, Cardano ...",""
"54","Buy Bitcoin","http://bitcoinpr.com.au/alibabas-taobao-shopping-site-to-prohibit-cryptocurrency-blockchain-listings","0","188","Next week, Taobao will institute a far-reaching ban on cryptocurrency and blockchain-related goods and services, expanding beyond its current prohibition on virtual currencies and related materials. Spread the love. Tagged ETC, Ether, Ethereum&nbsp;...","Apr 11, 2018","1523368800","Alibaba's Taobao Shopping Site To Prohibit Cryptocurrency ...",""
"55","Buy Bitcoin","http://bitcoinpr.com.au/caribbean-nations-introduce-crypto-payments-in-the-travel-industry","0","188","The Caribbean Tourism Organization is going to introduce cryptocurrency payments for tourism services and products offered in the region. In partnership with a local company, CTO wants to implement crypto-based merchant applications in the travel industry and other related sectors. Another goal is to further integrate the&nbsp;...","Apr 11, 2018","1523368800","Caribbean Nations Introduce Crypto Payments in the Travel Industry ...",""
"56","Buy Bitcoin","http://bitcoinpr.com.au/vietnam-investigates-ico-fraud-after-660-million-in-losses-reported","0","188","6,756.18. BTC. AUD 8,836.88. -3.70 %. BTC. $ 6,756.18. -4.50 %. AUD 515.14. $ 394.15. ETH. AUD 515.14. -1.02 %. ETH. $ 394.15. -1.74 %. AUD 150.00. $ 114.84. LTC. AUD 150.00. -2.81 %. LTC. $ 114.84. -2.69 %. About Us · What is Bitcoin · How To Trade Bitcoin · <em>Buy Bitcoin</em>. Search for: Bitcoin cryptocurrency&nbsp;...","Apr 11, 2018","1523368800","Vietnam Investigates ICO Fraud After $660 Million in Losses Reported ...",""
"57","Buy Bitcoin","http://bitcoinpr.com.au/this-canadian-bank-is-reaching-out-to-blockchain-startups-and-icos","0","188","Financial institutions in Canada have largely embraced blockchain technology, with most major banks, including the central Bank of Canada, conducting pilot projects or at least research into the uses of blockchain technology in banking. In fact, the Bank of Canada has gained a reputation for blockchain-friendliness with its&nbsp;...","Apr 11, 2018","1523368800","This Canadian Bank Is Reaching Out to Blockchain Startups and ICOs ...",""
"58","Buy Bitcoin","https://theaustraliantribune.com.au","0","188","At The Australian Tribune, we dig deep to find news that the people pulling the strings in finance and politics don't want you to know.","Apr 11, 2018","1523368800","The Australian Tribune: Australian Politics News | Federal Political News",""
"59","Buy Bitcoin","https://pinterest.com.au/pin/218565388151668089","0","188","Utilize the Roth IRA for Early Retirement. Retirement SavingsEarly Retirement<wbr>Retirement PlanningFinancial PlanningOpening An IraRoth IraFinance Tips<wbr>Money ManagementMoney Tips. How to <em>buy Bitcoin</em>, a step by step guide - Modern Investor&nbsp;...","Apr 11, 2018","1523368800","How Anyone Can Retire In 10 Years (Or Less!) | Wealth, Key and ...",""
"60","Buy Bitcoin","http://bitcoinpr.com.au/new-york-townhouse-now-on-sale-for-45-mln-in-cryptocurrency","0","188","Blockchain investor and hedge fund manager Claudio Guazzoni de Zanett lists his six-story NYC townhouse for $45 mln in crypto. A six-story townhouse on New York's Upper East Side is listed for sale for either almost $30 mln in fiat or $45 mln in cryptocurrency, the Wall Street Journal (WSJ) reports today, April 11.","Apr 11, 2018","1523368800","New York Townhouse Now On Sale For $45 Mln In Cryptocurrency ...",""
"61","Buy Bitcoin","http://bitcoinpr.com.au/corporations-bypassing-korean-ico-regulations-with-overseas-subsidiaries","0","188","Major corporations in South Korea are increasingly establishing cryptocurrency subsidiaries and launching initial coin offerings outside of the country due to prohibitive regulations. They are seeking opportunities in countries like Japan, Switzerland, Singapore, and Gibraltar. Also read: Japan's DMM Bitcoin Exchange<wbr>&nbsp;...","Apr 11, 2018","1523368800","Corporations Bypassing Korean ICO Regulations With Overseas ...",""
"62","Buy Bitcoin","http://bitcoinpr.com.au/bitfinex-in-poland-were-there-money-laundering-links","0","188","When allegations of fraud and money laundering were leveled at Bitfinex, they denied it, but how much of a link was there to start? On April 7 reports started emerging from Poland that Polish prosecutors seized €400 mln from an account that was allegedly linked to one of the biggest exchanges globally, Bitfinex. While links&nbsp;...","Apr 11, 2018","1523368800","Bitfinex in Poland: Were There Money Laundering Links? | Bitcoin ...",""
"63","Buy Bitcoin","https://pinterest.com.au/pin/311381761732531893","0","188","A super simple concept of the Login UX for a CareerHub Partner website. Hope you like this.","Apr 11, 2018","1523368800","CareerHub Website Login - Pinterest",""
"64","Buy Bitcoin","http://bitcoinpr.com.au/eos-leads-pack-as-top-10-cryptos-see-price-upticks","0","188","6,756.34. BTC. AUD 8,735.16. -5.80 %. BTC. $ 6,756.34. -5.23 %. AUD 516.47. $ 397.64. ETH. AUD 516.47. -2.93 %. ETH. $ 397.64. -2.72 %. AUD 149.00. $ 114.52. LTC. AUD 149.00. -5.22 %. LTC. $ 114.52. -5.28 %. About Us · What is Bitcoin · How To Trade Bitcoin · <em>Buy Bitcoin</em>. Search for: Bitcoin cryptocurrency&nbsp;...","Apr 11, 2018","1523368800","EOS Leads Pack As Top 10 Cryptos See Price Upticks | Bitcoin News ...",""
"65","Buy Bitcoin","https://au.trustpilot.com/review/simplex.com","0","188","... can expedite the process. Now my money is being held in limbo while I wait for who knows what (probably a worker to look at my uploaded ID pictures) and I can<wbr>'t buy from another exchange since they're holding my money hostage. There are much faster, easier, and cheaper ways to <em>buy bitcoin</em>. Stay away from Simplex!","Apr 11, 2018","1523368800","Simplex Reviews | Read Customer Service Reviews of simplex.com",""
"66","Buy Bitcoin","https://zazzle.com.au/bitcoin+tshirts","0","188","Been there, done that, now <em>buy Bitcoin</em> t-shirts! Discover thousands of designs in all sizes, styles and colours for all the family on Zazzle today!","Apr 11, 2018","1523368800","Bitcoin T-Shirts, T-Shirt Printing | Zazzle.com.au",""
"67","Buy Bitcoin","http://bitcoinpr.com.au/crypto-exchange-bittrex-reopens-registrations-users-lambast-new-interface","0","188","Major crypto exchange Bittrex has reopened new account registrations, but technical hiccups and a new interface spark user controversy. Crypto exchange Bittrex, the 7th largest worldwide by trading volume as of press time, has reopened its registration portal for new user accounts, the company announced April 10.","Apr 11, 2018","1523368800","Crypto Exchange Bittrex Reopens Registrations, Users Lambast New ...",""
"68","Buy Bitcoin","http://bitcoinpr.com.au/blockchain-computing-platform-golem-launches-mainnet-beta-1-5-years-after-ico","0","188","It is not the asset that is bubble-prone, it's the way people react to it, and debt buying is dangerous. Joseph Borg, president of the North American Securities Administrators Association, explained how he had seen people putting their houses for mortgage in order to <em>buy Bitcoin</em> in a frenzy of not wanting to miss out. It […].","Apr 11, 2018","1523368800","Blockchain Computing Platform Golem Launches Mainnet Beta 1.5 ...",""
"69","Buy Bitcoin","http://bitcoinpr.com.au/bithumbs-revenue-last-year-jumps-171-fold-compared-to-2016","0","188","According to local reports, the South Korean exchange Bithumb has released the firm's 2017 revenue and the exchange made 171 times more than the previous year. Also read: Japan Revises Registration Rules for Cryptocurrency Exchanges<wbr>&nbsp;...","Apr 11, 2018","1523368800","Bithumb's Revenue Last Year Jumps 171-Fold Compared to 2016 ...",""
"70","Buy Bitcoin","http://bitcoinpr.com.au/best-ways-to-avoid-losses-in-a-crypto-bear-market","0","188","This year has seen the biggest coins in the cryptocurrency market plummet by a greater margin, even as the bear market continues. However, as the digital coins take a nosedive, the fundamental blockchain technology provides unprecedented risk rewards. This is according to Brian Kelly, the founder, and CEO of BKCM&nbsp;...","Apr 11, 2018","1523368800","Best Ways to Avoid Losses in a Crypto Bear Market | Bitcoin News ...",""
"71","Buy Bitcoin","http://bitcoinpr.com.au/bittrex-exchange-is-back-annnnnnd-its-gone-again","0","188","After nearly four months of being purposefully offline, popular crypto exchange Bittrex announced its reboot, complete with a new website. Within an hour, the company had to once again cease onboarding customers. Also read: Bitgrail's $170M Hack Continues to Provide Drama&nbsp;...","Apr 11, 2018","1523368800","Bittrex Exchange is Back! Annnnnnd It's Gone Again | Bitcoin News ...",""
"72","Buy Bitcoin","http://bitcoinpr.com.au/crypto-markets-see-green-eth-breaks-solidly-above-400-btc-nears-7000","0","188","The top ten coins on Coinmarketcap are in the green today, with BTC touching $7,000 and ETH passing comfortably above $400. April 11: the cryptocurrency markets are in the green today, with Ethereum (ETH) more comfortably above $400 and Bitcoin (BTC) close to $7,000, according to data from Coin360. Coim360.","Apr 11, 2018","1523368800","Crypto Markets See Green: ETH Breaks Solidly Above $400, BTC ...",""
"73","Buy Bitcoin","http://bitcoinpr.com.au/media-hype-falsely-reports-bitcoin-as-greatest-bubble-in-history","0","188","The news cycle has again fixated on covering the reasons why Bitcoin is a “<wbr>bubble” that may or may not be in the process of “popping”. Media coverage this week of the alleged “Bitcoin bubble” and whether or not it is “popping” has resulted in inaccurate claims about the size of the bubble, as well as the same old&nbsp;...","Apr 11, 2018","1523368800","Media Hype Falsely Reports Bitcoin As 'Greatest Bubble In History ...",""
"74","Buy Bitcoin","http://bitcoinpr.com.au/russian-blockchain-and-cryptocurrency-news-round-up","0","188","With notes from Evgeny Korolev. Here are some of the top stories from the blockchain and cryptocurrency space in Russia over the past week. New ICO Legislation Stresses Liquidity, Formal Registration. The Russian Ministry of Communications has introduced a bill that will regulate ICO registration and project&nbsp;...","Apr 11, 2018","1523368800","Russian Blockchain and Cryptocurrency News Round-Up | Bitcoin ...",""
"75","Buy Bitcoin","http://bitcoinpr.com.au/cryptocurrency-project-ravencoin-gets-back-to-p2p-asset-transfer-basics","0","188","The cryptocurrency project “Ravencoin” published its first white paper on April 3, 2018. Entitled “Ravencoin: A Peer to Peer Electronic System for the Creation and Transfer of Assets,” the document is authored by CoinCPA founder Tron Black and Chainstone Labs founder Bruce Fenton, and seeks to offer information about<wbr>&nbsp;...","Apr 11, 2018","1523368800","Cryptocurrency Project Ravencoin Gets Back to P2P Asset Transfer ...",""
"76","Buy Bitcoin","http://bitcoinpr.com.au/22-european-nations-form-new-blockchain-partnership","0","188","6,756.18. BTC. AUD 8,836.88. -3.70 %. BTC. $ 6,756.18. -4.50 %. AUD 515.14. $ 394.15. ETH. AUD 515.14. -1.02 %. ETH. $ 394.15. -1.74 %. AUD 150.00. $ 114.84. LTC. AUD 150.00. -2.81 %. LTC. $ 114.84. -2.69 %. About Us · What is Bitcoin · How To Trade Bitcoin · <em>Buy Bitcoin</em>. Search for: Bitcoin cryptocurrency&nbsp;...","Apr 11, 2018","1523368800","22 European Nations Form New Blockchain Partnership | Bitcoin ...",""
"77","Buy Bitcoin","https://pinterest.com.au/pin/622059767255175087","0","188","Man Forgets About $26 Bitcoin Investment, Gets $850,000 Surprise. Bitcoin MiningBit CoinsMens BackBitcoin BusinessFinance BusinessBitcoin Market<em>Buy Bitcoin</em>Btc WalletCryptocurrency Trading. FindEx is a bridge connecting travellers and currency offices. FindEx offers users locate the best exchange rates around them&nbsp;...","Apr 11, 2018","1523368800","Media Hype Falsely Reports Bitcoin As Greatest Bubble In History ...",""
"78","Buy Bitcoin","https://pinterest.com.au/pin/622059767255173215","0","188","Bitcoin MiningBit CoinsMens BackBitcoin BusinessFinance BusinessBitcoin Market<em>Buy Bitcoin</em>Btc WalletCryptocurrency Trading. FindEx is a bridge connecting travellers and currency offices. FindEx offers users locate the best exchange rates around them. For retailers, FindEx provides a powerful tool enhance their&nbsp;...","Apr 11, 2018","1523368800","22 Countries Sign Declaration For European Blockchain ... - Pinterest",""
"79","Buy Bitcoin","https://pinterest.com.au/pin/622059767255174377","0","188","LocalBitcoin. Coinbase Users Can Now Use Bank Accounts to Instantly Purchase Cryptocurrency #Bitcoin #accounts # · Bitcoin Account<em>Buy Bitcoin</em>Mining Pool<wbr>Bitcoin MiningInvestorsBank AccountAccountingDeskReal Estate&nbsp;...","Apr 11, 2018","1523368800","EOS Price Retakes $6.6 Level Thanks to Brief Positive Momentum ...",""
"80","Buy Bitcoin","https://digitalizedweb.com","0","188","Free Free Guest Post, News, WordPress Themes &amp; Plugins, Woocommerce Themes.","Apr 11, 2018","1523368800","Digitalized Web: Free Guest Post",""
"81","Buy Bitcoin","https://finder.com.au/quoinex-exchange-review","0","188","<em>Buy bitcoin</em>, Ethereum and other leading cryptocurrencies using fiat currencies on QUOINEX, with zero fees on BTC/AUD pairs. QUOINEX is a fiat-to-crypto exchange platform that allows users to <em>buy bitcoin</em> and other major digital currencies with Australian dollars. It supports multiple fiat currencies and several of the world's&nbsp;...","Apr 11, 2018","1523368800","QUOINEX exchange review 2018 | Features, fees &amp; more | finder.com.au",""
"82","Buy Bitcoin","http://bitcoinpr.com.au/taiwan-finance-ministry-confirms-crypto-regulation-using-existing-aml-laws","0","188","Bitcoin regulation will likely soon hit Taiwan as the government opts for using AML regulation to consolidate the market. The government of Taiwan confirmed it will create cryptocurrency regulation based on extant anti-money laundering (<wbr>AML) practices April 10. In a statement, the nation's finance ministry said it had opted&nbsp;...","Apr 11, 2018","1523368800","Taiwan: Finance Ministry Confirms Crypto Regulation Using Existing ...",""
"83","Buy Bitcoin","http://bitcoinpr.com.au/computer-users-face-growing-threat-from-cryptojacking-report","0","188","Computer users now have one more thing to worry about: cybercriminals secretly taping into your CPU or GPU to mine cryptocurrencies. Due to an ability to access your computer via a web browser, “cryptojacking” is on the rise, cautioned a British government agency. “The technique of delivering cryptocurrency miners&nbsp;...","Apr 11, 2018","1523368800","Computer Users Face Growing Threat from Cryptojacking — Report ...",""
"84","Buy Bitcoin","http://provex.net.au/kgiauw/eobpeis.php?wbf=btc-investment-sites","100","169","Believers in the Bitcoin technology, which is backed by a new kind of computer network, have argued that How to invest in bitcoin in South Africa - The simplest and easiest way to invest in bitcoin is to <em>buy bitcoin</em> - Bitcoin investing explained. Put your money to work and get 13% on your bitcoin investment now!Best Hyip&nbsp;...","Apr 11, 2018","1523368800","Btc investment sites - provex",""
"85","Buy Bitcoin","http://bitcoinpr.com.au/philippines-sec-demands-crypto-cloud-mining-contracts-to-be-registered-as-securities","0","188","The Philippines' SEC issues an advisory on Crypto Cloud Mining Contracts that applies the Howey Test to define them as securities. The Philippines Securities and Exchange Commission (SEC) issued an advisory on Cryptocurrency Cloud Mining Contracts that applies the Howey Test to classify these contracts as&nbsp;...","Apr 11, 2018","1523368800","Philippines' SEC Demands Crypto Cloud Mining Contracts To Be ...",""
"86","Buy Bitcoin","http://nike-air-max.com.au","0","188","Due to this fact, in Case You <em>Buy Bitcoin</em>? The answer relies upon totally on how threat averse you're. Bit-coin definitely is not more likely to be a eloquent funding, nonetheless, the potential of this forex is great. Posted in Uncategorized | Tagged bitcoin doubler, btc doubler, earn free bitcoins, get free bitcoins, how to get free&nbsp;...","Apr 11, 2018","1523368800","nike-air-max.com.au - Blog Finance And Insurance",""
"87","Buy Bitcoin","http://bitcoinpr.com.au/bank-of-england-explores-centralized-dlt-system-open-to-regulatory-oversight","0","188","UK's central bank explores a centralized DLT system, which would offer inter-<wbr>participant privacy, regulatory oversight and keep data distributed. The Bank of England has released a Proof-of-Concept paper (PoC), together with Blockchain startup Chain, that examines how to configure a distributed ledger system which<wbr>&nbsp;...","Apr 11, 2018","1523368800","Bank of England Explores Centralized DLT System Open To ...",""
"88","Buy Bitcoin","http://bitcoinpr.com.au/taiwan-moves-to-capture-bitcoin-under-money-laundering-laws","0","188","6,756.18. BTC. AUD 8,836.88. -3.70 %. BTC. $ 6,756.18. -4.50 %. AUD 515.14. $ 394.15. ETH. AUD 515.14. -1.02 %. ETH. $ 394.15. -1.74 %. AUD 150.00. $ 114.84. LTC. AUD 150.00. -2.81 %. LTC. $ 114.84. -2.69 %. About Us · What is Bitcoin · How To Trade Bitcoin · <em>Buy Bitcoin</em>. Search for: Bitcoin cryptocurrency&nbsp;...","Apr 11, 2018","1523368800","Taiwan Moves to Capture Bitcoin Under Money Laundering Laws ...",""
"89","Buy Bitcoin","http://bitcoinpr.com.au/cloud-mining-contracts-are-securities-says-philippines-sec","0","188","6,756.18. BTC. AUD 8,836.88. -3.70 %. BTC. $ 6,756.18. -4.50 %. AUD 515.14. $ 394.15. ETH. AUD 515.14. -1.02 %. ETH. $ 394.15. -1.74 %. AUD 150.00. $ 114.84. LTC. AUD 150.00. -2.81 %. LTC. $ 114.84. -2.69 %. About Us · What is Bitcoin · How To Trade Bitcoin · <em>Buy Bitcoin</em>. Search for: Bitcoin cryptocurrency&nbsp;...","Apr 11, 2018","1523368800","Cloud Mining Contracts Are Securities, Says Philippines SEC | Bitcoin ...",""
"90","Buy Bitcoin","http://bitcoinpr.com.au/australia-regulator-says-cryptocurrency-exchange-license-will-strengthen-confidence","0","188","Australia appears to be hoping for Japan-style success as it embarks on its cryptocurrency exchange licensing scheme. Australia has already licensed three cryptocurrency exchanges since new regulations came into effect April 3, but the remainder must begin compliance by May 14. In a press release April 11, the&nbsp;...","Apr 11, 2018","1523368800","Australia: Regulator Says Cryptocurrency Exchange License Will ...",""
"91","Buy Bitcoin","http://klockworks.tv/kgiauw/eobpeis.php?wbf=GDAX-is-a-joke","0","188","Coinbase announces GDAX providing Coinbase users additional capabilities Share Flip <em>Buy Bitcoin</em> In Gdax then you will probably have come across this text. Easy to deposit funds with Coinbase wallet, bank transfer, wire transfer, or digital currency. . gdax. https://discord. The petition to get Coinbase and GDAX to&nbsp;...","Apr 11, 2018","1523368800","GDAX is a joke - Klockworks.tv",""
"92","Buy Bitcoin","http://macms.org/kgiauw/eobpeis.php?wbf=gameclub-ecoin-globe","0","188","Globe GO UNLI 50, GOUNLI50. com/ocheacrackedprograms. plano nya kc mag ecoin at bumili ng weapon lotto. Top Up GameClub eCoins using your Globe phone!I decided to ask this in the Game Club, can't wait to see 46 Best TabTrader <em>Buy Bitcoin</em> and Ethereum on exchanges Alternatives Apps for&nbsp;...","Apr 11, 2018","1523368800","Gameclub ecoin globe - macms.org",""
"93","Buy Bitcoin","http://bitcoinpr.com.au/22-countries-sign-declaration-for-european-blockchain-partnership","0","188","Following on the heels of February's creation of a Blockchain Observatory and Forum, 22 EU countries are forming a European Blockchain Partnership. The European Commission's (EC) Digital Day 2018 has led to the signing of a Declaration to create a European Blockchain Partnership made of up 22 countries, according&nbsp;...","Apr 11, 2018","1523368800","22 Countries Sign Declaration For European Blockchain Partnership ...",""
"94","Buy Bitcoin","http://bitcoinpr.com.au/trapped-below-7k-is-bitcoin-prepping-for-a-big-breakout","0","188","6,756.34. BTC. AUD 8,735.16. -5.80 %. BTC. $ 6,756.34. -5.23 %. AUD 516.47. $ 397.64. ETH. AUD 516.47. -2.93 %. ETH. $ 397.64. -2.72 %. AUD 149.00. $ 114.52. LTC. AUD 149.00. -5.22 %. LTC. $ 114.52. -5.28 %. About Us · What is Bitcoin · How To Trade Bitcoin · <em>Buy Bitcoin</em>. Search for: Bitcoin cryptocurrency&nbsp;...","Apr 11, 2018","1523368800","Trapped Below $7K: Is Bitcoin Prepping for a Big Breakout? | Bitcoin ...",""
"95","Buy Bitcoin","http://bitcoinpr.com.au/bank-of-england-eyes-regulatory-oversight-of-private-blockchain-data","0","188","6,756.34. BTC. AUD 8,735.16. -5.80 %. BTC. $ 6,756.34. -5.23 %. AUD 516.47. $ 397.64. ETH. AUD 516.47. -2.93 %. ETH. $ 397.64. -2.72 %. AUD 149.00. $ 114.52. LTC. AUD 149.00. -5.22 %. LTC. $ 114.52. -5.28 %. About Us · What is Bitcoin · How To Trade Bitcoin · <em>Buy Bitcoin</em>. Search for: Bitcoin cryptocurrency&nbsp;...","Apr 11, 2018","1523368800","Bank of England Eyes Regulatory Oversight of Private Blockchain Data",""
"96","Buy Bitcoin","http://bitcoinpr.com.au/coinbase-wants-to-register-to-the-sec-in-order-to-keep-expanding-its-business","0","188","One of the most important cryptocurrency platforms available, Coinbase, is looking to register with the Securities and Exchange Commission (SEC). The intention is to be a licensed brokerage that would allow it to keep expanding its business in the country and abroad. Coinbase Seeks Brokerage License Coinbase is&nbsp;...","Apr 11, 2018","1523368800","Coinbase Wants to Register to the SEC in Order to Keep Expanding its ...",""
"97","Buy Bitcoin","http://macms.org/kgiauw/eobpeis.php?wbf=buy-rootstock-coin","0","188","Overall, RSK is the first open-source smart contract platform with вЂњa 2-way peg to bitcoinвЂќ that also rewards the bitcoin miners via merge-mining, allowing them to actively participate in TOP GUIDE ON HOW TO <em>BUY BITCOIN</em> TODAY. News. Rootstock (RSK) is a smart contract platform that is connected to the Bitcoin&nbsp;...","Apr 11, 2018","1523368800","Buy rootstock coin - macms.org",""
"98","Buy Bitcoin","https://finder.com.au/ripple-vs-stellar-lumens","0","188","Both claim to reduce transaction times, but what exactly is the difference between Ripple (XRP) and Stellar (XLM)? Compare the two side by side to find out.","Apr 11, 2018","1523368800","Ripple vs Stellar: A side-by-side comparison | finder.com.au",""
"99","Buy Bitcoin","https://finder.com.au/bitcoin-and-cryptocurrency-roundup-11-april-2018","0","188","Bitcoin bubble, good old Golem, trading terminals, Monero madness, contract concerns.","Apr 11, 2018","1523368800","Bitcoin and cryptocurrency round-up: 11 April 2018 | finder.com.au",""
"100","Buy Bitcoin","http://macms.org/kgiauw/eobpeis.php?wbf=btc-robot-download","100","169","Jun 12, 2017 How To <em>Buy Bitcoin</em> Cheaply and Sell High 24/7 Through http://<wbr>oclassy. Nov 3, 2017 Download BTC-E Trade Bot for free. Simply open an account with one of the trusted Bitcoin trading marketplaces such as FxChoice, Tallinex or CCM. 0 comes pre-installed inside their MT4s. Buy, Sell and Trade BitCoins with&nbsp;...","Apr 11, 2018","1523368800","Btc robot download - macms.org",""
"101","Buy Bitcoin","https://au.investing.com/crypto/bytecoin-bcn/markets","100","169","The most common way to <em>buy Bitcoin</em> is through Bitcoin Exchanges such as GDAX or BitStamp, or directly from other people via marketplaces and auction site. Purchases can be made in a variety of ways, ranging from hard cash to credit and debit cards to wire transfers, or even using other cryptocurrencies. What is a&nbsp;...","Apr 11, 2018","1523368800","Bytecoin Markets - Investing.com",""
"102","Buy Bitcoin","https://cryptocurrencyaus.com/tag/guide","100","169","Founded in 2013 in Sydney, Independent Reserve is a Bitcoin and Digital Currency exchange where investors, traders and everyday people come to sell and <em>buy Bitcoin</em> and Ether. Independent Reserve is a robust platform, offering trading via a registered Australian company. Tokens: Bitcoin, Ethereum, Bitcoin Cash and&nbsp;...","Apr 11, 2018","1523368800","guide Archives | Cryptocurrency Australia",""
"103","Buy Bitcoin","http://bitcoinpr.com.au/pr-crypto-with-mobile-mining-app-credits-energy-ico-is-now-live","100","169","This is a paid press release, which contains forward looking statements, and should be treated as advertising or promotional material. Bitcoin.com does not endorse nor support this product/service. Bitcoin.com is not responsible for or liable for any content, accuracy or quality within the press release. CRED (CX) is a new&nbsp;...","Apr 11, 2018","1523368800","PR: Crypto with Mobile Mining App Credits.Energy ICO Is Now Live ...",""
"104","Buy Bitcoin","https://pinterest.com.au/pin/622059767255172714","100","169","Clare and Adam's 'Informal Vintage' Emerald Green Music Themed Wedding by Rachel Joyce Photography. Clare and Adam's 'Informal Vintage' Emerald Green Music Themed Wedding by Rachel Joyce Photography. CoinsBarrel<em>Buy Bitcoin</em><wbr>BlockchainDubai UaeInvestorsStartupsBarrel RollBarrels&nbsp;...","Apr 11, 2018","1523368800","Ethereum Price Breezes Past $415 as Bitcoin Dominance Index Drops ...",""
"105","Buy Bitcoin","http://macms.org/kgiauw/eobpeis.php?wbf=bitcoin-maybank","100","169","BTC will be released once payment is received and you upload a photo of the deposit slip here or to my Whatsapp, with handwritten "For Choose those last seen recently. com/how-to-<em>buy-bitcoin</em>-through-luno-with-maybank-malaysia-<wbr>versionLately a lot people asking how to invest Bitcoin. Feb 16, 2016 Until recently, there&nbsp;...","Apr 11, 2018","1523368800","Bitcoin maybank - macms.org",""
"106","Buy Bitcoin","http://macms.org/kgiauw/eobpeis.php?wbf=aeon-coin","100","169","... affects all CryptoNote-based cryptocurrencies, and allows for the creation of an unlimited number of coins in a Aeon price chart and market capitalization from all exchanges for 24 hours, 7 days, 14 days, 1 month, 1 year, and more (AEON/USD<wbr>) 7 Oct 2017 - 5 min - Uploaded by Crypto LoveHow to <em>Buy Bitcoin</em>: https://youtu&nbsp;...","Apr 11, 2018","1523368800","Aeon coin - macms.org",""
"107","Buy Bitcoin","http://bitcoinpr.com.au/blockchain-startup-protocol-labs-launches-5m-research-grant-program","100","169","6,756.34. BTC. AUD 8,735.16. -5.80 %. BTC. $ 6,756.34. -5.23 %. AUD 516.47. $ 397.64. ETH. AUD 516.47. -2.93 %. ETH. $ 397.64. -2.72 %. AUD 149.00. $ 114.52. LTC. AUD 149.00. -5.22 %. LTC. $ 114.52. -5.28 %. About Us · What is Bitcoin · How To Trade Bitcoin · <em>Buy Bitcoin</em>. Search for: Bitcoin cryptocurrency&nbsp;...","Apr 11, 2018","1523368800","Blockchain Startup Protocol Labs Launches $5M Research Grant ...",""
"108","Buy Bitcoin","http://bitcoinpr.com.au/alibabas-taobao-bars-crypto-ico-services-in-policy-update","100","169","6,756.18. BTC. AUD 8,836.88. -3.70 %. BTC. $ 6,756.18. -4.50 %. AUD 515.14. $ 394.15. ETH. AUD 515.14. -1.02 %. ETH. $ 394.15. -1.74 %. AUD 150.00. $ 114.84. LTC. AUD 150.00. -2.81 %. LTC. $ 114.84. -2.69 %. About Us · What is Bitcoin · How To Trade Bitcoin · <em>Buy Bitcoin</em>. Search for: Bitcoin cryptocurrency&nbsp;...","Apr 11, 2018","1523368800","Alibaba's Taobao Bars Crypto, ICO Services in Policy Update | Bitcoin ...",""
"109","Buy Bitcoin","https://finder.com.au/vitalik-buterin-opposes-ethereum-anti-asic-fork","100","169","Vitalik Buterin remains unperturbed by the potential threat of Ethereum ASIC miners.","Apr 11, 2018","1523368800","Vitalik Buterin opposes Ethereum anti-ASIC fork | finder.com.au",""
"110","Buy Bitcoin","http://klockworks.tv/kgiauw/eobpeis.php?wbf=iost-coin","100","169","TOP GUIDE ON HOW TO <em>BUY BITCOIN</em> TODAY. The best real-time crypto price index with graphs &amp; historical data for 500+ coins including bitcoin, ethereum, &amp; altcoins from major cryptocurrency exchanges. Steigt ja derzeit relativ gut. News; About; Youtube; Reddit; Twitter. 354, $243. 09 y ya está en $0. GameCredits.","Apr 11, 2018","1523368800","Iost coin - Klockworks.tv",""
"111","Buy Bitcoin","https://pinterest.com.au/pin/311381761732526311","100","169","Appmate is a clean and creative Material Design App Landing Template for the app of all platforms. It has a version that display three platforms (Android, iO. Appmate - Material Design App Landing Template. See more. from ThemeForest · How To <em>Buy Bitcoin</em> with Credit Card or Debit Card - Cryptos R Us · <em>Buy Bitcoin</em><wbr>Coins&nbsp;...","Apr 11, 2018","1523368800","Petri - Simple and Creative Site Template - Pinterest",""
"112","Buy Bitcoin","https://finder.com.au/how-to-buy-ontology","100","169","Curious about ONT? Our step-by-step guide will walk you through where to buy and sell ONT in Australia. We'll also show you which wallets are compatible with ONT and things to consider when buying.","Apr 11, 2018","1523368800","How to buy, sell &amp; trade Ontology (ONT) | finder.com.au",""
"113","Buy Bitcoin","http://macms.org/kgiauw/eobpeis.php?wbf=is-yobit-safe","100","169","I left the balance to sit there for more than 2 months. Messages: 971. In the mean time, all exchanges listed here are using correct blockchain and wallet 4 days ago Russian Ruble base markets. 00000001, 43517455826. 07934151. Never had problem to withdraw/deposit. TOP GUIDE ON HOW TO <em>BUY BITCOIN</em> TODAY.","Apr 11, 2018","1523368800","Is yobit safe - macms.org",""
"114","Buy Bitcoin","http://klockworks.tv/kgiauw/eobpeis.php?wbf=cexio-send-bitcoin","100","169","FOK orders are orders that are CEX. Learn more here. To find your CEX. IO, are one of the most popular in Jul 29, 2017 I started using CEX. If you're wanting to send 0. My funds should . To <em>buy Bitcoin</em> or other Nov 8, 2017 CEX. Jan 29, 2017 REGISTER HERE: https://cex. io , so we can provide with an additional support.","Apr 11, 2018","1523368800","Cexio send bitcoin - Klockworks.tv",""
"115","Buy Bitcoin","https://finder.com.au/how-to-buy-steem","100","169","A simple guide to buying, selling and trading STEEM in Australia, including a list of the exchanges where you can find STEEM, wallets compatible with STEEM, how the Steem blockchain works and things to consider before buying.","Apr 11, 2018","1523368800","How to buy STEEM in Australia | finder.com.au",""
"116","Buy Bitcoin","https://finder.com.au/bitcoin-hash-rate-more-than-halves-as-prices-plummet","100","169","The sharp drop below $7000 might have been the last straw for some bitcoin miners.","Apr 11, 2018","1523368800","Bitcoin hash drops sharply as prices plummet | finder.com.au",""
"117","Buy Bitcoin","http://carterbondcapital.com.au/blog","100","169","Evolution FX MDA. Keeping pace with the changing winds. We trade long timeframes, that's because it takes time to make good decisions. It's early still, but there is no doubt that uncertainty is rising. This, coupled with the incremental yet meaningful changes we have been making over the last while, increases the likelihood&nbsp;...","Apr 11, 2018","1523368800","From the Traders Desk – February Performance ... - Carter Bond Capital",""
"118","Buy Bitcoin","http://victoriassecrets.com.au/kgiauw/eobpeis.php?wbf=bitcoin-php-template","100","169","<em>Buy bitcoin</em> plugins, code &amp; scripts from $5. . Although some exchange companies also engage in other Bitcoin-related Bitdeal provides white label Bitcoin Exchange Script, Bitcoin Trading Script, Bitcoin Exchange Software Solution, Cryptocurrency Exchange Script, Cryptocurrency Trading Script PHP at an affordable cost.","Apr 11, 2018","1523368800","Bitcoin php template",""
"119","Buy Bitcoin","http://bitcoinpr.com.au/european-startup-to-enable-access-to-commercial-real-estate-for-small-investors","0","188","sponsored. A company is developing a Blockchain-based plug and play system to enable commercial real estate tokenization that will allow anybody with an internet connection to buy fractional ownership of assets worldwide. A European company Blocksquare.io is developing a Blockchain-based plug and play system to&nbsp;...","Apr 12, 2018","1523455200","European Startup To Enable Access To Commercial Real Estate For ...",""
"120","Buy Bitcoin","http://quillstudios.com.au/kgiauw/eobpeis.php?wbf=kraken-bitcoin-reddit","100","169","Read More · Announcements 21 Nov 2017 As cryptomania has swept the world in 2017, the influx of new users has caused bottlenecks at major exchanges. Many user complaints have been for account closures 20 Sep 2017 How can I <em>buy bitcoin</em> easily? Advice on choosing best exchange sites, right payment method, fast&nbsp;...","Apr 12, 2018","1523455200","Kraken bitcoin reddit - Quill Studios",""
"121","Buy Bitcoin","http://atmremote.com/license/kgiauw/eobpeis.php?wbf=list-of-cryptocurrency-exchanges","100","169","Below is a list of the top exchanges that offer to <em>buy Bitcoin</em>, Ethereum and other cryptocurrencies with a variety of payment methods for your convenience. Title, Country, Fiat money, Bitcoin, Altcoins, Commodity, Trade Fee, Decentralized. Now, the puzzle faced by investors is to figure out which exchange site from all the&nbsp;...","Apr 12, 2018","1523455200","List of cryptocurrency exchanges",""
"122","Buy Bitcoin","http://spra.com.au/kgiauw/eobpeis.php?wbf=c-cex-exchange-review","100","169","To <em>buy Bitcoin</em> or other The latest Tweets from ⚠️WHERE IS MY MONEY? (@<wbr>ccex). There are other victims (https://medium. But watch out for high fees when buying and selling bitcoin. c-cex. 25% commission on trade operations, according to the Maker-Taker fee schedule. if users does not, there are no exchange. This is&nbsp;...","Apr 12, 2018","1523455200","C cex exchange review",""
"123","Buy Bitcoin","http://dmkpgh.com/kgiauw/eobpeis.php?wbf=nxt-coin-future","100","169","A free collaborative calendar for all upcoming crypto events. This version of the whitepaper documents features and algorithms that are implemented in Nxt as of version 1. 15 B. Everyone was wondering whether they should <em>buy bitcoin</em>. Future revisions will be made to reflect additional 23 Feb 2018 Dogecoin (DOGE<wbr>): On a&nbsp;...","Apr 12, 2018","1523455200","Nxt coin future",""
"124","Buy Bitcoin","http://provex.net.au/kgiauw/eobpeis.php?wbf=civic-coin-price-aud","100","169","CoinSpot is an Australian marketplace that allows you to easily buy, sell or exchange multiple cryptocurrencies using AUD. Minimum Available: GO. DRN Ventures (16). <em>Buy Bitcoin</em> instantly online. Civic CVC Prices, 0. 00 XAU (= 0. Pay with your Australian Dollar (AUD) even through your own internet banking. 2468 USD&nbsp;...","Apr 12, 2018","1523455200","Civic coin price aud - provex",""
"125","Buy Bitcoin","http://luvkins.com.au/kgiauw/eobpeis.php?wbf=rx-560-hashrate-zcash","100","169","Should be higher once the miners mature. x - GPU model + info (core clock/mem clock - GPU-Z or MSI Afterburner) - hashrate <em>Buy Bitcoin</em> (BTC) / Ethereum (ETH) / Zcash (ZEC) x8 Pcs AMD RX560-4GB Mining Rig PC Package (120Mh+-) in Kuala Lumpur,Malaysia. 10 Jun 2017 Brand: Sapphire Model:&nbsp;...","Apr 12, 2018","1523455200","Rx 560 hashrate zcash",""
"126","Buy Bitcoin","http://quillstudios.com.au/kgiauw/eobpeis.php?wbf=cexio-verification-time","100","169","<em>Buy Bitcoin</em> at CEX. 5) <em>Buy Bitcoin</em> and/or Ethereum. IO Work? All trading prices freeze for 120 seconds once you enter the transaction process, giving you time to hold the price that favors your strategy. Mastercard Update To enable withdrawals to your Mastercard issued cards after February 28, please re-submit your card&nbsp;...","Apr 12, 2018","1523455200","Cexio verification time - Quill Studios",""
"127","Buy Bitcoin","http://dmkpgh.com/kgiauw/eobpeis.php?wbf=nxs-coin-reddit","100","169","Discover how to buy Nexus with this Simple Step-by-Step Guide ✅ Step 1 - <em>Buy Bitcoin</em> ✅ Step 2 - Open exchange account ✅ Step 3 - Get Bitcoin address ✅ Step 4 - Send Bitcoin ✅ Step 5 - Trade BTC for NXS. 2 days ago. Leer más 8 Nov 2017 They might just sell it for themselves. Developer Commission: Built into the&nbsp;...","Apr 12, 2018","1523455200","Nxs coin reddit",""
"128","Buy Bitcoin","http://colourshield.com/kgiauw/eobpeis.php?wbf=cryptocurrency-islamqa","100","169","Why <em>Buy Bitcoin</em> Now. 2018-02-20 00:32:48. Read this fatwaI hope It helps you to answer:http://www. Here it is reported about changes and Author: Topic: [ANN ANACOIN cryptocurrency for peace (Read 6784 times) Forex. org. You did briefly touch on the correct reason for defending free speech, but the rest of your article I<wbr>&nbsp;...","Apr 12, 2018","1523455200","Cryptocurrency islamqa - Colour Shield",""
"129","Buy Bitcoin","http://zorankonjarski.com.au/kgiauw/eobpeis.php?wbf=bitfury-stock-ticker","100","169","Founded in 2011, the Bitcoin mining hardware manufacturer is positioned to become the first 26 Jun 2014 You certainly can't <em>buy Bitcoin</em> stocks from the NYSE. Hut 8 is a bitcoin mining company led by CEO Sean Clark that gives shareholders access to the price appreciation of bitcoin and the emerging blockchain economy&nbsp;...","Apr 12, 2018","1523455200","Bitfury stock ticker - Zoran Konjarski",""
"130","Buy Bitcoin","http://dmkpgh.com/kgiauw/eobpeis.php?wbf=bitcoin-india-review","100","169","Bitcoin is all the rage nowadays, this in-depth article will help you <em>buy bitcoin</em> in India and also share ways that you can earn them for free! the payment first and you would ask for the transfer of Bitcoin. We make it easy to buy, sell, Buy, sell &amp; exchange Crytocurrency – Bitcoin (btc), Ethereum (eth), ripple (xrp), Bitcoin cash<wbr>&nbsp;...","Apr 12, 2018","1523455200","Bitcoin india review",""
"131","Buy Bitcoin","http://cookability.com.au/vltkxuey/owiruvdr.php?bjh=litecoin-earn-free","0","188","Bring in additional rewards via our affiliate program. earn Litecoin, free Litecoin, earn Litecoins, free Litecoins, earn ltc, free ltc, Litecoin faucet, ltc faucet The litecoin faucet where YOU decide when to claim! earn money, earn bitocin,<wbr>Litecoin,dogecoin,bitcoin cash, cloud mining, comprar bitcoin, vender bitcoin, <em>buy bitcoin</em>,&nbsp;...","Apr 12, 2018","1523455200","Litecoin earn free",""
"132","Buy Bitcoin","http://cookability.com.au/vltkxuey/owiruvdr.php?bjh=bit-miner","0","188","Bitcoin uses file COPYING or http://www. Download Awesome Miner - Software to manage and monitor Bitcoin and Litecoin mining. You can also buy crypto using fiat currency (USD, EUR, JPY, etc); you can trade it on an exchange like Bitstamp using other crypto (example: Using Ethereum or NEO to <em>buy Bitcoin</em>); you even&nbsp;...","Apr 12, 2018","1523455200","Bit miner",""
"133","Buy Bitcoin","https://pinterest.com.au/pin/775956210770032321","0","188","Crypto Kingz | How to Setup a Coinbase Account &amp; <em>Buy Bitcoin</em> - Step By Step Tutorial In this video, Crypto Kingz's PUP provides a step by step guide to set up a Coinbase account, especially great for crypto beginners. PUP demonstrates how to set up a Coinbase account using his link for you to earn FREE $10 in Bitcoin&nbsp;...","Apr 12, 2018","1523455200","Crypto Kingz Ep. 64 | SingularDTV Launched Tokit Platform for ...",""
"134","Buy Bitcoin","http://bitcoinpr.com.au/j-p-morgan-hit-with-lawsuit-over-cash-advance-fees-related-to-cryptocurrency-purchases","0","188","On Tuesday, a Chase credit card customer filed a lawsuit against the company for unexpectedly charging his cryptocurrency investments as high-interest cash advances rather than normal purchases, a possible violation of the federal Truth in Lending Act. Spread the love. Tagged ETC, Ether, Ethereum&nbsp;...","Apr 12, 2018","1523455200","J.P. Morgan Hit With Lawsuit Over Cash Advance Fees Related To ...",""
"135","Buy Bitcoin","http://bitcoinpr.com.au/australias-digitalx-launches-cryptocurrency-investment-fund","0","188","Traditional Australian investors have gotten a new alternative for investing in the bitcoin and cryptocurrency markets. A publicly listed firm has launched a fund focusing on the field. Additionally, Digitalx has created a new educational video platform about cryptocurrency. Also Read: Australia's Blockbid Exchange Granted&nbsp;...","Apr 12, 2018","1523455200","Australia's Digitalx Launches Cryptocurrency Investment Fund | Bitcoin ...",""
"136","Buy Bitcoin","http://bitcoinpr.com.au/j-p-morgan-chase-sued-for-charging-crypto-buyers-with-surprise-fees","0","188","J.P. Morgan Chase &amp; Co is accused of charging its credit card customers with extra fees and high rates for purchasing cryptocurrency. The lawsuit asks for $1 mln in recovery. J.P. Morgan Chase &amp; Co, a leading global financial services provider and one of the largest banking institutions in the US, was sued for charging&nbsp;...","Apr 12, 2018","1523455200","JP Morgan Chase Sued For Charging Crypto Buyers With Surprise Fees",""
"137","Buy Bitcoin","http://cryptotrader.com.au","0","188","CryptoTrader News Australia provides accurate cryptocurrency news, exclusive trading tips and guides, reviews and information that you can't afford to miss.","Apr 12, 2018","1523455200","CryptoTrader News | Cryptocurrency News, Prices and Guides",""
"138","Buy Bitcoin","http://cookability.com.au/vltkxuey/owiruvdr.php?bjh=wabi-coin-review","0","188","TOP GUIDE ON HOW TO <em>BUY BITCOIN</em> TODAY. Safe items using the blockchain<wbr>! :) Crypto Staxx Месяц назад +1. WaBi ICO Review – WaBi Investment introduction of Walimai and the WaBi coin, Investing wabi analysis wabi ico wabi ico analysis wabi ico review wabi token More Wabi Coin Review videos Dec 24, 2017&nbsp;...","Apr 12, 2018","1523455200","Wabi coin review",""
"139","Buy Bitcoin","https://fastonlinedirect.com.au/listings/high-end-performance-automotive","0","188","Recent Listings. Is Your Website Mobile? Cash For Cars Blacktown · Absolute Music · Euroworks Automotive · Mullum Road Clinic · Transcendental Meditation for Women · Carinne Bird · Cougar Car Sales · James Said · Grassman · <em>Buy Bitcoin</em> Instantly · Creativ Digital · Full Penetration Welding&nbsp;...","Apr 12, 2018","1523455200","High End Performance &amp; Automotive - Fast Online Directory",""
"140","Buy Bitcoin","https://fastonlinedirect.com.au/listings/total-alcott-plumbing-pty-ltd","0","188","Recent Listings. Is Your Website Mobile? Cash For Cars Blacktown · Absolute Music · Euroworks Automotive · Mullum Road Clinic · Transcendental Meditation for Women · Carinne Bird · Cougar Car Sales · James Said · Grassman · <em>Buy Bitcoin</em> Instantly · Creativ Digital · Full Penetration Welding&nbsp;...","Apr 12, 2018","1523455200","Total Alcott Plumbing Pty Ltd - Fast Online Directory",""
"141","Buy Bitcoin","https://pinterest.com.au/pin/21814379430402429","0","188","Man Forgets About $26 Bitcoin Investment, Gets $850,000 Surprise. Bitcoin MiningBit CoinsMens BackBitcoin BusinessFinance BusinessBitcoin Market<em>Buy Bitcoin</em>Btc WalletCryptocurrency Trading. FindEx is a bridge connecting travellers and currency offices. FindEx offers users locate the best exchange rates around them&nbsp;...","Apr 12, 2018","1523455200","Salma Hayek | Z | Pinterest | Salma hayek",""
"142","Buy Bitcoin","https://pinterest.com.au/pin/311381761732537396","0","188","Understanding Bitcoin &amp; Blockchain – Ben – The easiest way to <em>buy Bitcoin</em>. A thought experiment in ethics. Vid for TED Ed → twitter.com/eoinduffy · Trolley ProblemTed VideosA ThoughtThought ExperimentDuffyWriterAudioDavidMotion Design&nbsp;...","Apr 12, 2018","1523455200","Dec_Illustration - Pinterest",""
"143","Buy Bitcoin","http://bitcoinpr.com.au/ripple-invests-25-mln-in-xrp-in-blockchain-venture-fund","0","188","Ripple invests $25 mln of XRP into a Blockchain venture fund to aid the “<wbr>development of the Blockchain space” and identify new uses for its own products. Ripple, a San Francisco-based payment network utilizing Blockchain technology, invested $25 mln of its own cryptocurrency, XRP, into Blockchain Capital Parallel IV LP&nbsp;...","Apr 12, 2018","1523455200","Ripple Invests $25 Mln In XRP In Blockchain Venture Fund | Bitcoin ...",""
"144","Buy Bitcoin","http://cj.id.au/kgiauw/eobpeis.php?wbf=uber-accepts-litecoin","100","169","Here's the GQ guide on how and where to <em>buy bitcoin</em>, ethereum and more without losing your networth. Khosrowshahi is now the CEO of Uber. Coinbase is the world's most popular way to buy and sell bitcoin, ethereum, and litecoin. Like any other heat map, if the concentration of bitcoin related businesses and venues are&nbsp;...","Apr 12, 2018","1523455200","Uber accepts litecoin - cj.id.au",""
"145","Buy Bitcoin","https://ainsliebullion.com.au","0","188","$10 Secure Direct Access Parking. Park securely directly under our building for only $10 and enjoy direct lift access to our office. Pay cash or card and take your bullion with you, <em>buy Bitcoin</em> in store, or simply pick up your bullion purchases to save on delivery.","Apr 12, 2018","1523455200","Buy Gold, Silver &amp; Bitcoin. Buy &amp; Sell with Ainslie Bullion, Brisbane",""
"146","Buy Bitcoin","http://bitcoinpr.com.au/scam-round-up-asian-investment-schemes-and-snail-mail-extortion","0","188","Unfortunately, as with any industry, scams of all shapes and sizes persist within the cryptocurrency sector. This past week has seen a Filipino couple arrested after amassing over $17 million USD through a bitcoin investment scam, and protests held outside the office of a Vietnamese company that swindled $660 through&nbsp;...","Apr 12, 2018","1523455200","Scam Round-Up: Asian Investment Schemes and Snail Mail Extortion ...",""
"147","Buy Bitcoin","https://finder.com.au/ripple-moves-to-diversify-with-25m-of-xrp-to-vc-and-more-to-come","0","188","Ripple has invested $25 million in XRP in the Blockchain Capital venture capital fund, it announced. This takes the total funding up to $150 million, with the goal of investing in entrepreneurial teams that are using blockchain technology, and identifying new use cases for Ripple and XRP. "While Ripple's primary focus has<wbr>&nbsp;...","Apr 12, 2018","1523455200","Ripple moves to diversify, with $25m of XRP to VC and more to come ...",""
"148","Buy Bitcoin","http://edgephysioandfitness.com.au/1djx/nrj8b.php?lwv=loading-block-index-bitcoin","0","188","Bitcoin Misery Index Indicates a Green Signal to <em>Buy Bitcoin</em>. Bitcoin has been subject to extreme price fluctuations. By running QT, you'll be playing a fairly important role in the Bitcoin P2P network. With blockchaindownload. 3-beta (<wbr>2012-06-19 16:44:55 -0400) Bitcoin version 0. 3 released The block index database will&nbsp;...","Apr 12, 2018","1523455200","Loading block index bitcoin",""
"149","Buy Bitcoin","http://bitcoinpr.com.au/the-number-of-cryptocurrency-exchanges-has-exploded","0","188","In bitcoin's earliest days, you could count the number of cryptocurrency exchanges on two hands: Mt Gox, Bitstamp, Btc-e, Vircurex and a handful of others, as well as P2P exchange Localbitcoins. Today, the landscape has changed dramatically. There are now over 500 exchanges to choose from – and that number is&nbsp;...","Apr 12, 2018","1523455200","The Number of Cryptocurrency Exchanges Has Exploded | Bitcoin ...",""
"150","Buy Bitcoin","https://finder.com.au/caribbean-nations-look-at-cryptocurrency-to-boost-tourism","0","188","The Caribbean Tourism Organization is exploring the possibilities of cryptocurrency payment systems.","Apr 12, 2018","1523455200","Caribbean nations look at cryptocurrency to boost tourism | finder.com ...",""
"151","Buy Bitcoin","https://finder.com.au/jp-morgan-sued-by-coinbase-customer-over-fee-changes","0","188","The suit claims customers were duped into unknowingly racking up large fees and weren't told of changes.","Apr 12, 2018","1523455200","JP Morgan sued by Coinbase customer over fee changes | finder.com.au",""
"152","Buy Bitcoin","https://ainsliebullion.com.au/News.aspx","0","188","Gold and Silver news from around the world. Ainslie Bullion keeps you up to date with all things gold and silver bullion.","Apr 12, 2018","1523455200","Gold and Silver News with Ainslie Bullion",""
"153","Buy Bitcoin","https://pinterest.com.au/pin/419960733998990224","0","188","To know more log on to www.extentia.com (file://www.extentia.com/) #Extentia.","Apr 12, 2018","1523455200","To know more log on to www.extentia.com (file://www.extentia.com ...",""
"154","Buy Bitcoin","https://afluniverse.com","0","188","The latest AFL news, rumours, trades links from the top news sources &amp; social media displayed in an easy to read layout.","Apr 12, 2018","1523455200","Latest AFL News, Rumours and Social Media - The best AFL News ...",""
"155","Buy Bitcoin","http://bitcoinpr.com.au/nasdaq-will-delist-former-beverage-company-long-blockchain-corp","0","188","The Nasdaq will delist Long Blockchain Corp., formerly Long Island Iced Tea, due to low market capitalization. Former soft drinks manufacturer-turned-<wbr>Blockchain development company, Long Blockchain Corp., will be delisted from the Nasdaq Stock Market (Nasdaq), according to an announcement April 10.","Apr 12, 2018","1523455200","Nasdaq Will Delist Former Beverage Company Long Blockchain Corp ...",""
"156","Buy Bitcoin","http://bitcoinpr.com.au/eu-agencies-to-offer-e100k-prize-at-blockchain-hackathon","0","188","6,756.34. BTC. AUD 8,735.16. -5.80 %. BTC. $ 6,756.34. -5.23 %. AUD 516.47. $ 397.64. ETH. AUD 516.47. -2.93 %. ETH. $ 397.64. -2.72 %. AUD 149.00. $ 114.52. LTC. AUD 149.00. -5.22 %. LTC. $ 114.52. -5.28 %. About Us · What is Bitcoin · How To Trade Bitcoin · <em>Buy Bitcoin</em>. Search for: Bitcoin cryptocurrency&nbsp;...","Apr 12, 2018","1523455200","EU Agencies to Offer €100K Prize at Blockchain Hackathon | Bitcoin ...",""
"157","Buy Bitcoin","https://pinterest.com.au/pin/325103666846716155","0","188","Image of (PRE-ORDER) "Know Your Cryptids!" Identification Chart!","Apr 12, 2018","1523455200","Image of (PRE-ORDER) "Know Your Cryptids!" Identification Chart ...",""
"158","Buy Bitcoin","https://nrluniverse.com","0","188","<em>BUY bitcoin</em> &amp; cryptocurrency currently a BUYERS market. Sign up to coinspot click here, transfer AUD to bitcoin. Sit on it for a few months and sell for huge profit. Everyone is doing it! Don't miss out!","Apr 12, 2018","1523455200","Latest NRL News, Rumours and Social Media - The best NRL News ...",""
"159","Buy Bitcoin","http://bitcoinpr.com.au/moscow-is-going-to-host-100-governments","0","188","MOSCOW IS GOING TO HOST 100 GOVERNMENTS World Blockchain and Cryptocurrency Summit (WBCSummit) is taking place on 19-20 May, 2018 in Moscow. 100 countries are expected to take part in the Summit. The countries will be represented by the government officials, ministers and parliament members.","Apr 12, 2018","1523455200","Moscow Is Going To Host 100 Governments | Bitcoin News Australia",""
"160","Buy Bitcoin","https://finder.com.au/temporary-havven-stablecoin-the-eusd-now-live","0","188","The coin will be used to gather data in preparation for the Havven-backed coin launch.","Apr 12, 2018","1523455200","Temporary Havven stablecoin, the eUSD, now live | finder.com.au",""
"161","Buy Bitcoin","https://coinspot.com.au/buy/wan","0","188","Why Wanchain? Wanchain (WAN) aims to rebuild the finance industry by connecting the world's digital assets onto a single blockchain. They want to help promote financial inclusion and standardise future financial transactions. - WAN is a distributed ledger that records cross-chain and intra-chain transactions. - The ledger&nbsp;...","Apr 12, 2018","1523455200","Buy Wanchain Australia - Safe, Easy, Fast - CoinSpot",""
"162","Buy Bitcoin","https://finder.com.au/bitcoin-vs-ripple","0","188","Credit card, Debit card. USD, EUR, RUB. BTC, BTG, BURST, BYC, CANN, CFI, CLAM, CLOAK, CLUB, COVAL, CPC, CRB, CRW, CURE, CVC, DASH, DCR, DCT, DGB, DMD, DNT, DOGE, DOPE &amp; 140+ more. Use your credit or debit card to <em>buy bitcoin</em> and other cryptocurrency without having to verify your identity. Go to site","Apr 12, 2018","1523455200","Bitcoin vs Ripple: A side-by-side comparison | finder.com.au",""
"163","Buy Bitcoin","http://bitcoinpr.com.au/search-giant-baidu-unveils-blockchain-stock-photo-platform","0","188","6,756.34. BTC. AUD 8,735.16. -5.80 %. BTC. $ 6,756.34. -5.23 %. AUD 516.47. $ 397.64. ETH. AUD 516.47. -2.93 %. ETH. $ 397.64. -2.72 %. AUD 149.00. $ 114.52. LTC. AUD 149.00. -5.22 %. LTC. $ 114.52. -5.28 %. About Us · What is Bitcoin · How To Trade Bitcoin · <em>Buy Bitcoin</em>. Search for: Bitcoin cryptocurrency&nbsp;...","Apr 12, 2018","1523455200","Search Giant Baidu Unveils Blockchain Stock Photo Platform | Bitcoin ...",""
"164","Buy Bitcoin","http://acbr.com.au/index.php/crypto-tokens-turbocharge-digital-finance","0","188","“It's not <em>buy bitcoin</em>, for us, it's really that a token is the most safe and transparent way to hold an asset. “It's much more liquid, smart contracts regulate the trust issue and the contract, so that is a key focus for us.” Mr Van den Bergh said it was still early days for the applications of blockchain in financial services, but he&nbsp;...","Apr 12, 2018","1523455200","Crypto tokens to turbocharge digital finance | Australia China Business ...",""
"165","Buy Bitcoin","http://bitcoinpr.com.au/bitcoin-in-brief-thursday-crypto-winter-is-almost-over","0","188","Could this year's crypto winter be nearing an end? That's the opinion of some experts, and while bullish predictions are easy to come by, there are signs that a thaw could be underway. In today's Bitcoin in Brief, we examine the market forecast for the weeks ahead. Also read: Bitcoin in Brief Wednesday: Buy the Rumor, Sell&nbsp;...","Apr 12, 2018","1523455200","Bitcoin in Brief Thursday: Crypto Winter Is Almost Over | Bitcoin News ...",""
"166","Buy Bitcoin","http://acbr.com.au/crypto-tokens-turbocharge-digital-finance","0","188","“We have a partnership with JD.com, which is kind of the Amazon of China, if crypto was banned in China they would not be doing blockchain. “What is banned is the cash crypto – these things are combined but also separate and it's unfair to see them both as the same thing because it's not. “It's not <em>buy bitcoin</em>, for us,&nbsp;...","Apr 12, 2018","1523455200","Crypto tokens to turbocharge digital finance | Australia China Business ...",""
"167","Buy Bitcoin","https://finder.com.au/australian-agtech-startup-blockgrain-wants-to-raise-25-million","0","188","With RiseAgri as its main client, the grain-on-the-blockchain startup now aims to fundraise with tokens.","Apr 12, 2018","1523455200","Australian AgTech startup Blockgrain wants to raise $25 million | finder ...",""
"168","Buy Bitcoin","https://cso.com.au/blog/cso-bloggers/2018/04/12/do-bitcoin-and-blockchain-cryptocurrencies-require-legal-regulation-and-consumer-protection","0","188","Where can I <em>buy Bitcoin</em>, I asked and be confident that I'm receiving what I asked for…..ermmm…. nowhere. Why is that? Well…. if you go into the ANZ Bank and you want to buy currency…they have safeguards in the form of a specific financial legal acts that ensure you'll get real currency and any charges are transparent.","Apr 12, 2018","1523455200","Do Bitcoin and Blockchain Cryptocurrencies require Legal Regulation ...",""
